0.2605732833176453,0.8621243059059123,1
0.1539058837784597,0.7000632483069027,1
0.4729289280243174,0.8254368761099178,1
0.1423459206562736,0.9608097518997512,1
0.693491302004714,0.9994246617089213,1
-0.0018087899810335095,0.34788174657409776,1
0.0329394982025768,0.4966340147323076,1
-0.28713122515292167,0.6709625426006438,1
0.03350700632583781,0.32646488637776816,1
0.4094570912673885,0.8566141699770795,1
-0.2765674624932304,0.845343364406677,1
-0.3156265911183538,0.7903101225583944,1
-0.4264720275327121,0.7993562364625597,1
-0.08787603405848143,0.23966968350102258,1
0.1996739678463726,0.3384153268776009,1
0.18196841271025832,0.4254319192598275,1
-0.04780441166525273,0.27943690520221454,1
-0.40052120071366115,0.5356125988157721,1
-0.1325884129165571,0.43569550749489805,1
0.09312431882150651,0.8416271999661031,1
0.5187446230460053,0.7746307503989596,1
0.007113522638634073,0.31364581826622917,1
-0.13271252028028924,0.7084984426328274,1
-0.21771484325863621,0.4953803904274352,1
0.29423154200716617,0.5340648697441215,1
-0.42762257797307557,0.6098638663479439,1
-0.3566663635384191,0.6096991213575649,1
0.3210432008647328,0.5588476504794824,1
0.21898770332800366,0.6040857702396898,1
-0.10182012902255799,0.36805189332681687,1
-0.13508545285292595,0.673898676014105,1
-0.1208487846510069,0.5526732936106904,1
0.17079331141456322,0.4050356566387121,1
0.031545741876434,0.9381505216624495,1
0.4577605776538811,0.9770637384030474,1
0.7195871947044021,0.8455978751767561,1
-0.34035942167520883,0.870664546913333,1
-0.24282706041232105,0.9708551978814794,1
0.2994246152306177,0.6726479654600799,1
0.014323322371442515,0.5920650022657861,1
0.00796991719198381,0.45098222460046467,1
0.19932768796318312,0.32425210453622233,1
-0.25362767617660387,0.8563510929181812,1
0.3596285355400517,0.9719126056533582,1
0.391669658064254,0.5880199678741707,1
-0.6533014779405,0.9653873585807728,1
-0.4259147206104257,0.7381802841137395,1
-0.17719913641203666,0.7089940446655634,1
-0.6387838780155466,0.7724974924794408,1
-0.32914907574043983,0.6609726108483116,1
0.02694383925623489,0.8904643828171737,1
0.2799458651453901,0.4014565420233023,1
0.48823678988253993,0.803866642563114,1
0.30910605817951575,0.5219650927673274,1
0.15076231656198757,0.46545254075099907,1
0.49854684967351437,0.6704459906670013,1
0.20681908983844366,0.9257382398403506,1
0.30054020177782936,0.8893378588614609,1
-0.25552798598315896,0.7155245436538302,1
-0.024853626260824768,0.3206316381377663,1
-0.1886056318433207,0.696556071964098,1
0.7481544415342012,0.9220129062687183,1
-0.5110208509263687,0.725437427162742,1
0.16071446690067726,0.9295368598336418,1
0.39767930374193794,0.9428779173684032,1
0.16016877658322537,0.9112786123908125,1
0.22346220275381157,0.8602469958845385,1
0.33255352877805366,0.5557064019186999,1
-0.2932525253355789,0.9335788430599101,1
-0.22796416810142794,0.6571477467003439,1
-0.48822829709738524,0.9581068744546282,1
-0.12922634246312548,0.29004326390951585,1
-0.2974507426487345,0.5500335688415512,1
-0.044636211065365305,0.6558582154723713,1
0.05883753356219268,0.6716110978021215,1
-0.5450094085789301,0.920356421038929,1
0.11740512804034298,0.5644101495510156,1
0.5093739157381125,0.8410531123677885,1
0.37355875557495555,0.7151927604725601,1
0.029644488932488056,0.5443920592876976,1
0.08248501432475708,0.764362473617223,1
-0.43734444669813755,0.6584253624548233,1
-0.46791123001011137,0.9260672163013797,1
-0.21319412995566545,0.47829568792819455,1
0.23104788459238934,0.9008021809951505,1
0.5862997506665151,0.8025033566876236,1
0.4395774374211485,0.6403385001190789,1
0.24129150853691161,0.3435723875241239,1
-0.22969692822224141,0.7464833015736199,1
0.27796361043445206,0.8541969625937398,1
0.21026421245825055,0.5526954534984108,1
-0.07208924134115025,0.7629873629863355,1
-0.4263709064302583,0.8794117773965149,1
-0.724028040641084,0.9074531511650981,1
0.41711050109464676,0.5407979129383329,1
-0.2799136703773728,0.60061543919972,1
0.33790491898844177,0.8454563694940811,1
-0.15328307432717736,0.5535438796827514,1
0.1230321663341738,0.267608489633977,1
0.5029965623538151,0.7769274074018355,1
0.4684030063055804,0.9611156714673839,1
0.3461808349613289,0.7046846812307339,1
-0.1761002693610374,0.9316814165609886,1
0.43883139959731654,0.7906260570559724,1
-0.2531101323993421,0.9318929441621218,1
0.10878896273867111,0.71877034326908,1
-0.08895789720247782,0.2974528009467101,1
-0.12882473218163737,0.8377095485879282,1
-0.7215947011219601,0.9753442483536245,1
-0.25057902882505845,0.6540130236190951,1
0.004589793022811595,0.6818344280731012,1
-0.17311864066896776,0.3782038474215126,1
0.45723991060931013,0.7580862370202515,1
0.12517438292596106,0.2636127584784713,1
0.6598378319257456,0.8069345978136502,1
0.35095995727026574,0.899981564465063,1
-0.4658315799625181,0.9510570666062841,1
-0.18775166712749325,0.5613843588690832,1
0.18905464454313448,0.5791161327606273,1
0.0319592476812125,0.17162945405371488,1
0.030913648657109327,0.2892550795874054,1
0.28559176849407564,0.7995549855193191,1
0.2078377803792848,0.5304027539279055,1
0.07943438296708383,0.3034407149419929,1
-0.01470589573027059,0.25382669406372127,1
-0.22475303716025685,0.8740492756002958,1
0.02772494819390836,0.38976421061821354,1
0.6451331381227989,0.7985123971749561,1
-0.7503483299840514,0.8617129644770252,1
0.39859882807633795,0.6039951063091036,1
0.4713428034003466,0.7628166788217556,1
-0.2563281475775816,0.9848906745459458,1
-0.31885661242873287,0.9790372853686455,1
-0.46304769562548875,0.8296863243084078,1
0.45848142215699417,0.8739554421498403,1
-0.016241657498504924,0.942133388991742,1
-0.18728935689383697,0.33142240321422456,1
-0.7192561301515301,0.9585623410299857,1
0.10187199339108943,0.5727764922775616,1
-0.08440412947199638,0.6012735258291126,1
0.43071142134160834,0.7924287712759512,1
-0.07530085850590318,0.7184574680018416,1
-0.02187540558641654,0.9530388989105298,1
-0.38839105385164574,0.7905448658065413,1
-0.7231217098076397,0.9589540988719318,1
0.04506836548856619,0.6470351799940026,1
-0.11889802777722114,0.5048557050867237,1
-0.11133892161012815,0.779177873697952,1
0.3662071940582483,0.627586964005205,1
0.7570598615358657,0.9215826510566432,1
0.14690251510474583,0.5336692585845535,1
0.017371554912909204,0.8088467445488483,1
0.32832604699629453,0.7439113570774656,1
-0.616334724180605,0.8844030570733077,1
-0.12862454576185023,0.5422636770129614,1
-0.1089287455398309,0.6137520439346065,1
0.12848856380138107,0.30122535909971715,1
-0.40530983466618986,0.7609182818703033,1
-0.7196775446022081,0.8744683218889016,1
-0.0036442940275005498,0.10898876907647947,1
0.05774396753468869,0.9399617461428083,1
0.6733347870128421,0.8812022470695156,1
0.006623092177536538,0.9253462252641453,1
0.33420677438642254,0.679070567935725,1
0.62240212379358,0.8203078885619313,1
0.1754663041729847,0.46541953250062296,1
0.32582644208620604,0.6810927554413362,1
-0.4281686736324737,0.6997093488093435,1
-0.2551537405854387,0.7999990509572532,1
-0.8846393087163844,0.9854918972462956,1
0.09706372667578789,0.7133135308958689,1
0.49242514572771956,0.6078120409015351,1
-0.015895164519413196,0.8199241721575845,1
0.04250734032916892,0.4313093987510048,1
-0.5190299913268528,0.8265768813222523,1
0.012917368028047882,0.9639294651621788,1
0.7250745668005965,0.9933884816676732,1
0.0291110417351077,0.5640229952143168,1
-0.36098165004393534,0.8946004433741055,1
-0.5359282325671435,0.9829409285308417,1
-0.2000015461807063,0.37443347782217806,1
0.3662555392682303,0.6968261957329438,1
0.01787127055259008,0.6237960718864941,1
0.033469035473260966,0.5934166040834232,1
0.10881890242453274,0.5535640555819672,1
0.07501532090627228,0.9240033407974524,1
0.7600089360441387,0.9521470827753986,1
0.6227299194544278,0.8918627331340288,1
0.08392758733651373,0.9609173353516964,1
0.2998804620437321,0.44077443817894535,1
0.2997125118155175,0.5790779109402315,1
-0.18251704159942195,0.5336473540751308,1
0.07033371160496937,0.3968089770631522,1
-0.7009380123265707,0.9983058147184432,1
-0.3422047702816702,0.9287643236837142,1
-0.21780682839295684,0.697213142194935,1
0.7901885529764723,0.9035713100454363,1
0.5500339511351777,0.8778881444538968,1
-0.09309715317982148,0.2934397385249947,1
0.1741811407206657,0.3712092424207647,1
-0.06691031563076333,0.5820346955823705,1
-0.5231766978427017,0.7055828261545063,1
0.5453104117123861,0.8348895660702684,1
-0.5027135267769856,0.6814472267972271,1
0.1967654045971421,0.8722326454870983,1
-0.6085557189022781,0.9287629138650235,1
-0.02970710887781003,0.41617279483392844,1
-0.3440487589697869,0.673444751471898,1
-0.40910911255362015,0.875505418729885,1
0.18472156299762688,0.7795466651684548,1
-0.03608952594754067,0.6780818929675521,1
-0.22376318987319666,0.4937210695374197,1
-0.3132063035671431,0.6569635692701818,1
0.5558262741412641,0.7163472859213638,1
-0.6570520911282034,0.8853448574154243,1
0.5249574817324558,0.9320842406966579,1
-0.35413359974742153,0.7801069725147349,1
0.7162992683232967,0.9858627198691523,1
-0.6329324957292464,0.7462121214230817,1
0.19414754063004658,0.6177562854372614,1
-0.3843313771195098,0.979365569104587,1
0.19384400046416195,0.5901618908677437,1
-0.1819772952574379,0.4786350545293936,1
-0.015947035594238823,0.26790411674693937,1
-0.15046123912460452,0.9707950968819286,1
-0.5311151967979364,0.9889510914714048,1
0.6301354402841466,0.7620304334273849,1
0.2504402628917375,0.3537281206899694,1
-0.12186987467622723,0.66549744838259,1
0.1377111530413928,0.45515596151341553,1
0.19408676207925835,0.5062043157395406,1
0.7359660420704457,0.9816899206659477,1
0.5740926097797066,0.8916957408315902,1
-0.358956301310176,0.6037981080972687,1
0.0561318261276047,0.4693002702700455,1
-0.15137712306065332,0.5368141135577544,1
-0.4952383077306304,0.9780810955347841,1
0.07235326780520657,0.6879450358393115,1
0.06728805983347419,0.8490997976473906,1
0.2646957166382071,0.8684638781191456,1
-0.10188494874531884,0.23723982435526292,1
0.6041348658753263,0.7488009050643805,1
0.7448155712618192,0.9711562241919403,1
0.14841710277738063,0.7306340974597054,1
-0.42094640669158956,0.7028652246461413,1
-0.23492424667506828,0.8011952642300244,1
-0.46441305900277063,0.8932789260012597,1
0.27238573043504033,0.7655543601212162,1
0.6082813071781694,0.8196537444408754,1
0.5645000920370116,0.935995013021325,1
0.32150139874074757,0.6479655818445607,1
-0.03777651060315268,0.7355625301456827,1
0.8724249482845572,0.9830087167852839,1
-0.12930338529482643,0.7517592249293941,1
-0.6192640359655317,0.815308145100412,1
0.5013876496479881,0.8640368460612309,1
-0.025516673928437594,0.31479269869296056,1
-0.4985669413409015,0.7078410601004914,1
0.3077008389931568,0.6355289966133539,1
-0.46016946785278634,0.942410878486927,1
0.5179998902010334,0.7491720865534104,1
0.020978709757291103,0.4943675979131892,1
0.172705518885512,0.7583171552288102,1
-0.20016514041511568,0.5509424637856055,1
-0.2692297091937683,0.9866568249376946,1
-0.1530682307276625,0.9275088833197267,1
-0.4195110507691364,0.8090835972201145,1
0.05493088928645973,0.35535996812923853,1
-0.14532236884523364,0.5028309527543806,1
0.14091450542036066,0.7330443576086196,1
-0.2449701595989624,0.7831220837539337,1
0.04422665648992563,0.3140634587333575,1
0.24699739617912675,0.5433303117285648,1
0.025656566652621393,0.13033145892941178,1
-0.7326471232683387,0.8621650905453628,1
0.18611418133779356,0.3450306490801003,1
0.698448909507023,0.9103297894976028,1
0.015499485738720065,0.7848293826851727,1
0.01858129745607151,0.5972261682490223,1
0.3049824596020172,0.9524031205301182,1
0.16942240942645315,0.29874566133394387,1
0.19456085945315316,0.7684863375885098,1
0.21288440459737323,0.9248494984562083,1
0.23348269616095596,0.6935011925011705,1
-0.15485522639751714,0.974481412730217,1
-0.0022397881199913705,0.8574497046306249,1
-0.1060217134699446,0.9438316970700269,1
0.034937736234322614,0.887545511425679,1
-0.5880617780091653,0.8519438396584289,1
-0.16796706744980483,0.3734495959830597,1
0.18115057904408172,0.6820822932894379,1
0.5266008630399144,0.977408849064596,1
0.3608774497141747,0.5632326123456504,1
0.5335132106507929,0.8698338992310655,1
0.10584490320164042,0.25087210746707056,1
0.12831778702495766,0.4662710861705013,1
0.6046105052412916,0.8245993208498557,1
-0.214928718361167,0.7686851514571331,1
0.5878774276129306,0.8151070161450056,1
0.0093048198070953,0.43356278686833116,1
0.13177111264377395,0.8655726498879757,1
-0.04151228681557839,0.8454805525916966,1
-0.4240404622425009,0.7690230124514974,1
-0.28006242092702616,0.9468675648458578,1
0.306018280859905,0.8666600239861033,1
0.13549153746061826,0.47123028816905377,1
0.47709070817433874,0.8254012462479552,1
0.18128750497509838,0.33996096555538236,1
0.0812771371167238,0.2795071825982465,1
0.012924796149056395,0.6600392221003157,1
-0.23550419765749542,0.5135261899280263,1
0.30184724358666815,0.5227505377035335,1
-0.39512514871708637,0.5650645102848348,1
-0.030518811857859873,0.7028310528172521,1
0.6728099772366285,0.9700787187908495,1
0.2921408501674181,0.5571793072370341,1
0.3805443854197832,0.5513148357620556,1
-0.05574295057376499,0.5681394380605345,1
0.6189306732181645,0.7941645018705747,1
0.2292199685647187,0.5242262512774718,1
0.6549951082663674,0.9174543975350891,1
0.620536095590841,0.8183081405670651,1
0.5407243467775089,0.8985410196670252,1
0.23648872971010704,0.6286368857215168,1
-0.6613507367308524,0.8918264954883739,1
-0.202027012750444,0.9608573068066408,1
-0.026936416015373776,0.5771456480537696,1
0.02528015031893771,0.20278435721794752,1
-0.2273240581932856,0.4073577868697029,1
-0.014756234674882851,0.9002623770653475,1
0.3346886031690577,0.679673331332117,1
-0.05087185897722035,0.4950602966202604,1
-0.2926784634387354,0.8305665647852534,1
0.20556413777757232,0.4330382740813761,1
0.10812862354887542,0.33079235072311963,1
0.37469556608711985,0.5680282236351428,1
0.2788773199408907,0.40331041449975746,1
-0.22121484475180564,0.46026529841894614,1
-0.08436332850797923,0.9762217922222827,1
0.0026140479098644143,0.3457859792803961,1
-0.8096440205747313,0.9581026096611414,1
0.14059839044394273,0.6027274947008343,1
-0.45262459927247534,0.8156357322065211,1
-0.41008645000794264,0.660708129574338,1
-0.2321049744664272,0.9047943257081741,1
0.7128314399961186,0.9440657358249487,1
-0.2774396711371878,0.38370966866121625,1
0.6898868674220364,0.8108374605204993,1
0.10710203995510525,0.2371093533233517,1
0.2026884456836595,0.943539584306134,1
0.20000187000828484,0.8480438008036324,1
0.07179917337675334,0.4722862311759579,1
0.11192115270065539,0.7671932133396515,1
0.3930253225424303,0.5959051548479706,1
0.055669835870444384,0.6646626601400252,1
-0.3067682757157919,0.9180889187231651,1
0.7251444698863709,0.9967342697298847,1
-0.6955164979765018,0.8836632656452368,1
-0.6014603524495659,0.9958444923927372,1
-0.35845052049828663,0.5773603197638417,1
0.6796657095651146,0.92686666385725,1
-0.32819675026756023,0.5834126345457631,1
-0.20224041111296165,0.3527804256870839,1
-0.05731412477418152,0.35565991317124857,1
-0.10452967968530569,0.5735650181346474,1
-0.12184580490568209,0.282466649668887,1
-0.10459518371578502,0.26244540114616344,1
-0.4978899996449466,0.8319885459045753,1
0.4490810334137447,0.7473647565340671,1
0.575434668602294,0.7546468054293847,1
0.41880112038005235,0.6742362741080874,1
-0.23092552273712474,0.5083456084702274,1
-0.5118361291496862,0.9457934343309615,1
0.05780416525083654,0.46233338592950046,1
0.11456041142573437,0.30967665268303746,1
0.24216204216845538,0.9351176748886849,1
0.6283426397667133,0.8993904761847586,1
0.11225072462026287,0.2668622346028746,1
0.8116382068119146,0.9526230380799658,1
-0.034567049152405716,0.33924172965792465,1
0.19219897396041885,0.32797382367424355,1
-0.48029431378550314,0.774870702170027,1
-0.35677436195175405,0.7223936055960807,1
0.4847635946731854,0.6062601377380896,1
0.2601950343502981,0.9966913854852875,1
0.011262073629735081,0.5513686268598947,1
-0.5270483502905452,0.7966242683028284,1
0.625017031463488,0.7508607971260917,1
-0.3718834940797544,0.8197044430462217,1
0.22017055260992713,0.9713985419137456,1
-0.06306783147724193,0.4835332530736678,1
0.07385125283979477,0.41303727224885023,1
0.275652321931946,0.578434381223107,1
0.7056601421811077,0.8886952036226927,1
-0.01988172051703252,0.3616101865148318,1
-0.695013120351724,0.8700369464515827,1
-0.4024140822684066,0.5183569413671409,1
0.601794250521769,0.9771304854531309,1
0.05918331319644787,0.21184435084116204,1
0.7069184683887602,0.873414926818322,1
0.09883434330608676,0.8274026238769476,1
0.38789399221746823,0.8813024016926345,1
-0.25647661398223853,0.493446085755779,1
0.6249580222477529,0.7389726215308037,1
0.4939736106915231,0.6844841079302517,1
-0.1596469039959154,0.829281680605646,1
-0.20750364590037318,0.658211890112983,1
-0.568234330301062,0.6896775170038261,1
-0.7618489506712867,0.957506148658168,1
0.2666630524213014,0.6665134510939548,1
0.2256206808456449,0.7582490624613532,1
0.10448844330387841,0.9709221658259488,1
-0.1304988854897653,0.9130314260554369,1
-0.0762748453431632,0.9518521018632864,1
0.008695427606504325,0.8738946576337208,1
-0.5232202542772857,0.646001284283539,1
0.02349218232458039,0.9503084018205725,1
0.002134637663205652,0.9729860719763623,1
-0.030780845351330743,0.6009845438489867,1
0.04503252503513666,0.8065181013168803,1
0.13548669620990728,0.5833726110658137,1
-0.12571902294606518,0.46208693675286083,1
-0.9991871442947371,0.7485645205324514,-1
-0.9977695613401045,0.3263693864362369,-1
-0.996420541511752,-0.11214068433580193,-1
-0.9963174373642758,-0.6175875551697643,-1
-0.9960281974859098,0.7528184516410827,-1
-0.994136486636847,-0.7461474770198957,-1
-0.9940581771864068,-0.2582818841737904,-1
-0.9931778201149686,0.36171220327199016,-1
-0.9925599807725338,0.9105767554468689,-1
-0.9924629190037648,-0.8089661376815513,-1
-0.9918550404335229,-0.7771743201155639,-1
-0.9917435464366586,0.9349947271244061,-1
-0.9916135080676995,0.44197127578164697,-1
-0.9891981826539893,-0.9488758039882654,-1
-0.9875118893598382,-0.20153844093200668,-1
-0.9869536786689137,0.1845596065274253,-1
-0.9869335820983078,0.8869993241816001,-1
-0.9861791408408958,-0.7058008147851962,-1
-0.9860259770120332,0.5172262666318113,-1
-0.9850472688908791,0.7286896119779165,-1
-0.9842079357355562,0.677824084659401,-1
-0.9838430150465691,0.9199257429341516,-1
-0.9835106587686115,0.8377116091619032,-1
-0.9831983966256206,-0.8657214976705379,-1
-0.981111202727416,-0.9202377842770968,-1
-0.9804143786403334,-0.42709201896507576,-1
-0.9799615878472934,-0.013637857129930264,-1
-0.9797981818565766,-0.38615358320564885,-1
-0.9759714821603542,-0.4577407338464745,-1
-0.9745780837239844,0.7287237617846181,-1
-0.9741467903929006,0.34772741797751294,-1
-0.9728457150579248,-0.2885764598368623,-1
-0.97277539083449,0.693607169990289,-1
-0.9718778357676072,-0.8521564671678914,-1
-0.971590542389746,0.31602241436015044,-1
-0.9705698733258163,-0.6472095586786728,-1
-0.9672829304491524,-0.3914524504522241,-1
-0.9663846689720339,0.6055630692822005,-1
-0.964833121764828,0.09255709196232642,-1
-0.9636821673608229,0.4473891581946625,-1
-0.9630331764865594,-0.13898202543143867,-1
-0.9619937537831684,-0.9572888826762105,-1
-0.9606066957852231,0.49020170665824514,-1
-0.9605806899187175,-0.8192318332958806,-1
-0.9575715324381711,-0.5551247184146391,-1
-0.9548899701170415,-0.33504729013266,-1
-0.9536961144955804,-0.6048432265019326,-1
-0.9518336190823549,0.3029455811882711,-1
-0.9518109519668401,-0.8061951570370254,-1
-0.9517162886426833,-0.07208553884312785,-1
-0.9510224824693729,-0.6566433336544009,-1
-0.9505926169755399,0.4629193343925624,-1
-0.9469172449535108,0.6196127108803089,-1
-0.9466757857737917,-0.11111466633176548,-1
-0.9465377826175119,0.4710795761620954,-1
-0.946305291968581,0.5651611711740467,-1
-0.9446381034444764,0.42445879444195844,-1
-0.9437267716540552,-0.009911971472244208,-1
-0.9428296748351417,-0.3796628632791985,-1
-0.9428025089476679,-0.3944298214168236,-1
-0.9423299989563212,0.059818288925346685,-1
-0.9406427300768443,0.3865233417804852,-1
-0.9392795664118254,0.5143467937991786,-1
-0.9380158411699724,0.1778115167960843,-1
-0.9372005044324059,-0.9519410794069145,-1
-0.935092119860693,0.5413681116236746,-1
-0.9349575792020199,0.8181905681333315,-1
-0.93421541589775,-0.09756706187694597,-1
-0.934214466757715,0.5464603366299858,-1
-0.9322626510832812,0.6178590973858364,-1
-0.9313844895144725,-0.4408595323901787,-1
-0.9308266992528802,-0.38402590957293414,-1
-0.9303639129860626,-0.28753564771941287,-1
-0.930304657888132,0.04336367225877602,-1
-0.930250489535585,-0.4417988236388153,-1
-0.930082531593746,0.7795246113565168,-1
-0.9283459889527745,-0.951219182571684,-1
-0.9270347985694447,0.423623703227781,-1
-0.9265605813134616,-0.574315701724994,-1
-0.9263179342284249,0.2831377797954695,-1
-0.9259700832624698,0.672322609823278,-1
-0.9256595224124688,-0.6394367141650834,-1
-0.9250806596341179,-0.9765556801359749,-1
-0.9244555404471195,0.3223354683787223,-1
-0.9224005089875824,0.3892746684751942,-1
-0.9204518286062542,-0.3155577655858024,-1
-0.9187364652674614,-0.3291883279487213,-1
-0.9183847213798626,0.40218609035613184,-1
-0.9175468170156762,0.4894775431671463,-1
-0.9164773269970348,0.03138317274342928,-1
-0.9129710678477925,0.3211572623125445,-1
-0.9111710947295824,-0.005254032479876436,-1
-0.9109806295829195,0.6499857601768726,-1
-0.9098498455691755,0.6690314500325574,-1
-0.9080732280244366,-0.37891306197940544,-1
-0.9071407185040132,0.6149054492870247,-1
-0.9044737897125041,-0.08443975633325884,-1
-0.9037894924344649,-0.766725530170743,-1
-0.9017896969499106,0.6445662063911604,-1
-0.899747458878942,0.6740776651278502,-1
-0.8974303174019602,-0.8441611944426759,-1
-0.8960000029274289,-0.5348314637358587,-1
-0.8947829589250564,0.45369840704202824,-1
-0.894037236619432,0.5257242744994701,-1
-0.8923468156369254,0.2857828733571979,-1
-0.8921972364656936,0.1559457445988941,-1
-0.8918356535315359,-0.5033863744413241,-1
-0.8910434392777797,-0.7450523973524841,-1
-0.8901954423354681,0.3803757050200751,-1
-0.888708115095719,0.4590842441832237,-1
-0.886293702827377,0.1284093125576269,-1
-0.8853678947231765,-0.6248653241436739,-1
-0.8848646666585549,-0.5394559417878599,-1
-0.8842321720784052,-0.02829520959452303,-1
-0.8810509908227573,-0.18106125188893385,-1
-0.879484952433979,-0.8591548479459346,-1
-0.8774460612512316,-0.4700926354000652,-1
-0.876804515633431,0.6589266094013637,-1
-0.8758674128329429,0.5948174007013609,-1
-0.8753026177175998,0.737688494699908,-1
-0.8749514185910021,0.565856089094928,-1
-0.8732685018560877,0.825796525602132,-1
-0.8696794421577945,0.3322771952832295,-1
-0.8680306409833678,0.18338841204152168,-1
-0.8651321051006824,-0.8665464270610346,-1
-0.8650439931027054,-0.3378211971407583,-1
-0.8646894354736596,0.002348568162876763,-1
-0.8638792532965036,0.28113262153192986,-1
-0.8620374951712693,-0.24663100043655994,-1
-0.8595871814124849,0.38054566785217503,-1
-0.857851498358805,0.5262901432828273,-1
-0.8563295001471136,0.1571632300996919,-1
-0.8558740068573134,-0.31286425020814734,-1
-0.8551030836875588,-0.700825943030353,-1
-0.8549970478552824,0.23817555216086195,-1
-0.8547032848278646,-0.17554913398617433,-1
-0.8536347181452815,0.49585433776329557,-1
-0.8524029712793757,0.7773919859326988,-1
-0.8512546344482983,-0.10269692474017722,-1
-0.8509807496776869,-0.05075919417567265,-1
-0.8494178919674353,0.10439210711976887,-1
-0.8426662538364171,-0.9367792146839768,-1
-0.8396591419540664,0.23825222256222833,-1
-0.8391792842875367,-0.2882438347505123,-1
-0.8378693469989043,-0.20980369554614642,-1
-0.8375839122812505,-0.41694996204174917,-1
-0.8366448388394061,0.0761425586859028,-1
-0.8349441119413141,0.2012655431465209,-1
-0.8341077972112281,0.41272504378411723,-1
-0.8334731829026842,-0.35946022768093,-1
-0.8334222216013676,-0.17574865233228554,-1
-0.8315449808868842,-0.5828146669862964,-1
-0.831250833031433,-0.1547645052803337,-1
-0.8301701420631264,0.5227459646238763,-1
-0.8269247837311879,-0.37660740678651816,-1
-0.8255548234996404,-0.6109443825802772,-1
-0.8254433761434652,0.06124546383754659,-1
-0.8245539921251774,-0.014839041717476853,-1
-0.8241863089267785,0.5177674319549248,-1
-0.8240306515377749,-0.5982565430470763,-1
-0.8237826073641443,-0.08824661180760796,-1
-0.823145025519465,0.05457319521815007,-1
-0.8224576851666705,-0.62705688974967,-1
-0.8189227050991219,-0.02564688964346784,-1
-0.8180387610259019,-0.21134046627372882,-1
-0.8138546978201817,-0.8026560315241413,-1
-0.8130277391492591,-0.7608303654130553,-1
-0.812017977729393,-0.5538244934753496,-1
-0.8119798340394033,0.3582599156123103,-1
-0.8118837190319681,-0.19558596382650695,-1
-0.8111288553006566,-0.5639720843866196,-1
-0.8110886160846338,-0.7931811170146057,-1
-0.8108911196463313,0.3815234968978696,-1
-0.8080456718344915,-0.36834570770458885,-1
-0.8060144589272933,-0.3737029983225648,-1
-0.8050607430445376,-0.9209712565761969,-1
-0.7991596224653774,0.08665629257882124,-1
-0.7977472971816995,0.43865447229667964,-1
-0.7973079326050989,-0.056952454959254606,-1
-0.7972399068555918,-0.617878514135302,-1
-0.7936492337538867,0.6986550954808308,-1
-0.7932506813789146,-0.8287929363281483,-1
-0.7929080233075596,-0.9267668648391973,-1
-0.7926883246692675,0.5463110508054285,-1
-0.7923683205755716,-0.8046767751918638,-1
-0.7905050448818125,-0.6769338165950978,-1
-0.7891871147352179,-0.8379702764722539,-1
-0.7856967629757565,0.1367201957234916,-1
-0.7848780426951065,0.3433174489314865,-1
-0.781207789185471,-0.3051612184698871,-1
-0.7808687570810489,-0.7068110625309978,-1
-0.7807864320762277,-0.9904713216738621,-1
-0.7798597136391159,0.6390300917049831,-1
-0.7765144093598702,-0.7577975114909137,-1
-0.7744586160208642,0.41676552452195015,-1
-0.7727532859331352,0.6779081168636019,-1
-0.7719422105394651,0.10579187432389903,-1
-0.7714235933674258,0.7104240594578459,-1
-0.771361563843751,-0.4688427037356626,-1
-0.7711738823702912,-0.45365037781995854,-1
-0.7707674848371111,-0.6620753368899384,-1
-0.7693682337139873,0.2479933594360939,-1
-0.7689540483244586,0.2557664339147574,-1
-0.7686198835153406,-0.5867843433872548,-1
-0.7686026550055534,0.0910120936888994,-1
-0.767606061215679,-0.4765658514350255,-1
-0.7641681074957543,-0.3834474948411737,-1
-0.7608318986371603,-0.20977813346615326,-1
-0.7601771314617851,-0.985973712778875,-1
-0.7595801748477329,0.4346065695261725,-1
-0.7593649219804246,-0.10205291298235108,-1
-0.7571644429947915,0.33616806773464436,-1
-0.7567075517840371,0.548486843862428,-1
-0.7549950458703858,-0.9664622714484277,-1
-0.7549122450703112,0.03670077121888493,-1
-0.7540601447749342,0.10611332759943926,-1
-0.7528750197717384,-0.9460970656016805,-1
-0.7522744847854228,0.6115061222622438,-1
-0.7520535268970381,0.3790986879682854,-1
-0.7503659288899271,0.2735249543210818,-1
-0.7501508843182569,0.49424176327293035,-1
-0.7500643982425359,0.6150159332745884,-1
-0.7486367240193021,0.5698342612505938,-1
-0.7482604010599214,0.4520792921260872,-1
-0.7465875366853636,-0.9090695690295885,-1
-0.746508906105936,-0.34191612898872537,-1
-0.7448880941253666,0.7029173966390707,-1
-0.7448382583630568,-0.7851389476079649,-1
-0.7423200713046212,0.6820240919702973,-1
-0.7417212888453353,-0.5317741701966456,-1
-0.7375467772009743,-0.9719316355872438,-1
-0.7362925447899205,0.10042535327339985,-1
-0.7360991182216852,-0.8029082373008269,-1
-0.7357000600881913,-0.3319761885101111,-1
-0.7350253300705409,0.1271702848811862,-1
-0.7326657580429132,0.39895031115283164,-1
-0.732051713068639,0.6377211882163629,-1
-0.7306457114338087,-0.7315460072065774,-1
-0.7261956359982302,-0.6531325228008344,-1
-0.7260704048075559,-0.5213808603307086,-1
-0.723262700911528,-0.2435844372602145,-1
-0.722533003216054,0.08608410042272707,-1
-0.7203723619377502,-0.9037715524083083,-1
-0.7196690877685126,-0.25555799907457066,-1
-0.7192325882798638,-0.5339262231102468,-1
-0.7192303802057105,0.45559131937997543,-1
-0.7190403310400733,-0.012870920071169856,-1
-0.7182801783661761,-0.745410612874013,-1
-0.7148804079273283,0.6357978225876604,-1
-0.7148242461972303,0.3975490040247043,-1
-0.7133705015128791,0.011977572534045411,-1
-0.7130813025611027,0.46051309628695813,-1
-0.712384221228842,-0.6302256229571115,-1
-0.7113859784773369,0.24006868746263388,-1
-0.7113672573737193,0.6071336788896375,-1
-0.7110811966518411,-0.7916899354419829,-1
-0.7107065141201838,-0.7949215417196718,-1
-0.7102158591692014,0.6403932599725888,-1
-0.7092138116080435,-0.8922460028821964,-1
-0.7075912002088383,0.2339269489108715,-1
-0.7058226641966696,0.11255789199252497,-1
-0.7055342671694906,-0.6406707261046285,-1
-0.703844275699002,-0.8997271774541216,-1
-0.7036450333391047,0.03866467726933598,-1
-0.7003020111185561,-0.43994408818818664,-1
-0.6982699697362595,0.23531065302762144,-1
-0.6982260007159531,-0.5360196430139461,-1
-0.697939457281429,-0.09357974717095763,-1
-0.6974072151703368,-0.16004215231633445,-1
-0.6967830653069971,-0.26614574480071385,-1
-0.6954866252303824,-0.4009995993364819,-1
-0.6952097589785797,0.018119303084517924,-1
-0.6940567670509536,-0.393150930927622,-1
-0.6930075892489431,-0.2635006437928271,-1
-0.6913889736018679,-0.8815330950351803,-1
-0.6901165535548333,0.24139316892373763,-1
-0.6898346271165492,-0.8088472724609379,-1
-0.6840305738922976,0.24388972689820454,-1
-0.6836122665834607,-0.8629637138165767,-1
-0.6830920451053459,-0.428961568289314,-1
-0.6826960073623316,-0.15539536771914086,-1
-0.6822034212753496,0.04226654037595212,-1
-0.6767413567859131,0.42892382259678685,-1
-0.6739925649799958,-0.30285328712917314,-1
-0.6705054010766962,-0.7409648514862814,-1
-0.6702447759836478,0.3683649238410762,-1
-0.6684529593503128,-0.9827962887230508,-1
-0.668008987315658,0.26067913115249874,-1
-0.6676154106171972,0.2939634192105851,-1
-0.6670730192267906,-0.06659545772082698,-1
-0.6668807468973834,-0.6587611066354184,-1
-0.6656583723896148,-0.5106692508726782,-1
-0.6655473137347716,0.18842112534871136,-1
-0.6620082030631229,-0.4709340962081101,-1
-0.6614939806301008,-0.6971609727749315,-1
-0.6611685189833598,0.44602962457224793,-1
-0.6576288479192178,-0.613051623579659,-1
-0.6566936641252954,-0.14454885500838088,-1
-0.6544619242664775,-0.8554068313905114,-1
-0.6528731167318367,0.07936139606080328,-1
-0.6500186617016204,-0.5186254130184378,-1
-0.6458433080211528,-0.6162424141445277,-1
-0.6455678632608102,-0.11509047856594501,-1
-0.6423217320147399,-0.47671876668087654,-1
-0.6403603974760368,-0.5366864605382857,-1
-0.6400349576813591,0.26323971184430617,-1
-0.6385495151813392,-0.21498261581678424,-1
-0.6372999525590757,-0.916486845088583,-1
-0.6369434160685308,-0.6018236345566366,-1
-0.6357902073744786,-0.26440918910106115,-1
-0.6352686232309162,-0.3402292674530445,-1
-0.6344515722517565,0.5455574819885625,-1
-0.6336418403287252,0.2984369623201686,-1
-0.6328245975106306,-0.8862540534090995,-1
-0.6319428964138498,0.5867623914670643,-1
-0.6312075539143711,-0.11102554450100444,-1
-0.6311069495765826,-0.6177770810863707,-1
-0.6299941415656916,-0.737544837371809,-1
-0.6290518570182959,0.505649942028024,-1
-0.6266512544117933,0.19585997090735852,-1
-0.6200488982018761,-0.32378036462279436,-1
-0.6194842136686716,-0.21298395497308764,-1
-0.6191671111573362,0.2643591412884607,-1
-0.6169799158362501,-0.9560929517371868,-1
-0.6163379608776771,-0.45536810175812814,-1
-0.6157709664630246,-0.7291464031175394,-1
-0.6140076310329379,0.2863056599413998,-1
-0.6098161291866964,-0.43647107574363897,-1
-0.6088779450251893,0.21765411527056022,-1
-0.6070864694753548,-0.2949808798752138,-1
-0.604906738399833,-0.38894312588646374,-1
-0.6040910837222291,-0.22590692430327453,-1
-0.6038767953391266,0.5873346031150839,-1
-0.6022176281314593,-0.3615709907940494,-1
-0.6021882758318609,-0.6747324319057864,-1
-0.6003544330792923,0.4779904138413742,-1
-0.5997237564895634,-0.3484038315340814,-1
-0.5996965496129323,0.5014868451743619,-1
-0.5988470806514368,0.4593720918522677,-1
-0.596179557535792,-0.6507794774033737,-1
-0.5927011970873175,-0.8069313174541635,-1
-0.5919384701746733,0.5574697296102329,-1
-0.5913091519268305,0.2835356582101767,-1
-0.5876390351844165,0.4325505427737033,-1
-0.586689692580149,-0.678546164220609,-1
-0.5865516386291585,0.14252198215546397,-1
-0.5860977493390873,0.5395893471831572,-1
-0.5860650529991585,-0.3188178357113558,-1
-0.5847391865664742,-0.6251783473159116,-1
-0.5821961943527407,0.13813916921964564,-1
-0.5809758207327627,-0.3750618034244786,-1
-0.5809184382147441,-0.4853240697944847,-1
-0.5804924781542016,-0.09703373255989556,-1
-0.5794753769620464,0.015914860014824228,-1
-0.579247290084044,0.30580262125493585,-1
-0.57852375771775,0.4838444078557762,-1
-0.5773411586352011,0.36117577893988617,-1
-0.5764731236538565,0.2683618209935843,-1
-0.5750027909150486,0.19954132836460214,-1
-0.5733183726109581,0.16965338677335762,-1
-0.5731054222204053,0.08589516571956635,-1
-0.5724716888200936,-0.2733340702276412,-1
-0.5723451634431562,-0.18868121140250915,-1
-0.5719186519918584,0.4539151692140484,-1
-0.5717059809330882,0.060291010860659355,-1
-0.5704336148957339,-0.6310796205060103,-1
-0.5687707708859748,-0.5914030251676246,-1
-0.5667496746749587,-0.7604868929798956,-1
-0.5653342569888644,-0.5186848446720558,-1
-0.5650225033280485,0.04777654372418505,-1
-0.5640080440872635,-0.1840711256667813,-1
-0.5631712067811177,0.16909043769612486,-1
-0.5624337185391544,-0.37438403904032524,-1
-0.5603750390753661,-0.7312955517670101,-1
-0.558927738235687,0.05501551677806926,-1
-0.5585519892340547,-0.4862488069810702,-1
-0.5585344722395309,0.23219143925313812,-1
-0.5584943620071479,-0.47930966757103644,-1
-0.5575789629982504,-0.2649936811454978,-1
-0.5575207531054933,-0.641679979446423,-1
-0.5550072567461064,-0.15041780362474988,-1
-0.5540016357028392,0.160187229206461,-1
-0.5526119083327372,0.5325176061053405,-1
-0.5477634857185016,0.42744312699782805,-1
-0.5462039262518652,-0.9192697388578739,-1
-0.5444885387541865,0.32403310386956496,-1
-0.5444150391857292,-0.1088477276923121,-1
-0.5437242635847896,-0.2059258069599288,-1
-0.5435081314107202,-0.8795278703656,-1
-0.5429740344077123,-0.8403536618127871,-1
-0.5429327367325505,-0.6988275749010548,-1
-0.5387140005704487,-0.264337304142634,-1
-0.5382916347582785,0.11829295635496528,-1
-0.5347243947555276,-0.38086385939328116,-1
-0.5331409386123256,-0.682735860881416,-1
-0.5312095886254511,-0.17403751390954403,-1
-0.531007768786667,0.4338523931111218,-1
-0.529932483886284,0.021313297005713494,-1
-0.5291692801147181,-0.38222391907806763,-1
-0.5249727175349164,-0.9863823665073324,-1
-0.5238916063223207,-0.1287602173450848,-1
-0.5232449845248572,0.36954254033409617,-1
-0.5231421883687677,-0.21061719677410018,-1
-0.5231322793155528,-0.05434357304217752,-1
-0.5215682484088813,0.49951617488993083,-1
-0.5209885034839452,-0.3499253469036927,-1
-0.520908890377727,-0.2858852611239242,-1
-0.5208951003621807,0.1999128882142256,-1
-0.5189627967085944,-0.9209731055732706,-1
-0.5184646424826176,0.2625394502489957,-1
-0.5161803696138394,-0.8499381029846123,-1
-0.5118495462889183,0.16915241905829204,-1
-0.5117469836245787,-0.9708251050733754,-1
-0.5110601256023788,-0.9242456778555006,-1
-0.5110578760130284,-0.028840734235753285,-1
-0.51087166894375,0.3414142708083241,-1
-0.5094109887124478,-0.3757657604774214,-1
-0.5090023513871484,-0.5064296015118375,-1
-0.5077369168341108,-0.23956797125578744,-1
-0.5068559821264125,-0.36608282689188876,-1
-0.5054032671087332,0.18746478026240476,-1
-0.5047427463331848,0.23108642553180037,-1
-0.5040064640718365,-0.6115235614612229,-1
-0.5027011098663605,0.12673809997052254,-1
-0.5003926395965435,0.0018030064067913187,-1
-0.49962249029929406,-0.40404653107658905,-1
-0.4983374682548116,0.09595043240610401,-1
-0.49679484390702555,-0.49604171010728226,-1
-0.49431122436448716,0.49007872418322673,-1
-0.4937614145839726,-0.233561363320824,-1
-0.48994567706321535,-0.34246762671949904,-1
-0.4898933034588979,0.2916127090939695,-1
-0.4890817703880863,-0.8155736368987498,-1
-0.4884801611616574,-0.8052032271157099,-1
-0.4869276443064501,0.23713660217418697,-1
-0.48678440556663993,-0.5080028808010439,-1
-0.48565570324742957,0.41763440710183053,-1
-0.4851953798989719,-0.3390183413896475,-1
-0.4825093675457013,-0.22757833690995222,-1
-0.47953610742246733,0.22999379821588706,-1
-0.47715176783249813,-0.8316369118558478,-1
-0.47714731974057223,-0.6448778743493753,-1
-0.47595981612921623,-0.007582557423497338,-1
-0.4749370411539555,0.39330787922924815,-1
-0.47280086226890194,-0.9436414258992389,-1
-0.4719109803799517,-0.2201304627014844,-1
-0.4717439873731495,-0.4833829535497305,-1
-0.4714932685970399,0.08978154232680868,-1
-0.4693993588172516,-0.11076743774088893,-1
-0.4686251588382131,0.2168406676642589,-1
-0.4684828001795509,-0.8487290976908519,-1
-0.4678888242717911,-0.08146296994379787,-1
-0.46530948619614465,-0.5920888879294197,-1
-0.4597691192576403,-0.6335764343687313,-1
-0.45693278247361624,0.2354912207530946,-1
-0.4561214953102928,-0.41421123494873013,-1
-0.45544344918440727,0.3092534062520751,-1
-0.45529938250646484,-0.42596960310073806,-1
-0.4550978898613769,0.18175878168129778,-1
-0.45181962438101264,-0.6150324169289632,-1
-0.4509460598923156,0.181137956067293,-1
-0.45081576661931644,-0.4786709934572069,-1
-0.45075239737369577,-0.5065196731538095,-1
-0.44950047380223657,-0.9585633122670059,-1
-0.4494688517052139,-0.11351527258193128,-1
-0.44787344327070544,0.4097954030990123,-1
-0.4475258132947846,0.0956959132251387,-1
-0.447411434026451,0.3065687303103326,-1
-0.4469515621326563,0.4369991958244124,-1
-0.44625934231179754,-0.7249838747967892,-1
-0.44534798279050136,0.25637322761680936,-1
-0.44507177428670497,-0.07678414350600749,-1
-0.44318578723200197,-0.04232717636483008,-1
-0.44258913347366,-0.5373120749020592,-1
-0.4419874409156028,0.05361429029521236,-1
-0.44103254548383264,-0.7475780387319992,-1
-0.43544390847166525,-0.5879570266177505,-1
-0.43487127328719044,-0.12164147218370225,-1
-0.4330502662382689,0.364760708194241,-1
-0.42801839171183254,0.22682955333418064,-1
-0.4278979229489668,-0.7626049207216838,-1
-0.42743265757086313,0.23146480017178295,-1
-0.4273221629063362,-0.4906440592358141,-1
-0.4263690064671115,-0.5116547269103515,-1
-0.4245727263320016,-0.1201852774463994,-1
-0.4228440063577583,0.036367446023500616,-1
-0.42156019583795246,-0.8347722434423908,-1
-0.421401691553811,-0.9794245631879037,-1
-0.42111961509057805,-0.9786782413364659,-1
-0.419637148835156,-0.703883048223966,-1
-0.4194223247618245,-0.7031538444014873,-1
-0.4186679078864981,-0.13419073484283794,-1
-0.4149411373778715,0.30210154990106597,-1
-0.4136367624591464,-0.07076290468471624,-1
-0.41122546782185054,0.004112873328267597,-1
-0.4109575836141355,-0.6146203982575087,-1
-0.4105997209379604,-0.02920395815817578,-1
-0.4098515501672009,-0.33955145237743256,-1
-0.40808850144887154,-0.11959135892919504,-1
-0.40609665013365115,-0.3562857400578907,-1
-0.4031236442882089,-0.4861554355518747,-1
-0.4031212640796591,-0.26542078643005285,-1
-0.4010024634804159,0.15445952108574978,-1
-0.3960637887301788,0.12959629523988214,-1
-0.39501666298475824,-0.5384393681983264,-1
-0.39482291348011156,-0.01899389021677589,-1
-0.3932694065263087,-0.7610630827397875,-1
-0.38617623204350826,-0.5633303684222644,-1
-0.38610123816081554,-0.8660210011291953,-1
-0.3849683463073825,-0.6947443479801954,-1
-0.38491647098449366,0.3839461048216508,-1
-0.3840125342059486,0.09341414730513753,-1
-0.3829853132706429,-0.8922614375721749,-1
-0.3826556024693182,0.2915782875680093,-1
-0.38120488317993306,-0.6577428064500732,-1
-0.38106260641032064,-0.11181322660469517,-1
-0.3801665245885566,-0.8424403179080779,-1
-0.3792966933652857,0.09697139794433562,-1
-0.37903044984500056,0.35298635286642055,-1
-0.37816865253809384,-0.7426697219560467,-1
-0.37722385702213757,0.24750908700434682,-1
-0.37640640318199337,-0.16078626754834024,-1
-0.3735930574886752,0.03720582838091735,-1
-0.3724126103067742,-0.25532681045983985,-1
-0.37191894376728696,0.07448676419098632,-1
-0.3717891524660475,0.05488217784292271,-1
-0.3707522773620262,-0.5450830323374372,-1
-0.3689730025066025,0.25226784708264205,-1
-0.3682172309657168,-0.4231057342445679,-1
-0.3680227856023297,-0.20414411610949035,-1
-0.3638487258543841,-0.3912762019057259,-1
-0.36284753350721566,-0.9377003646649529,-1
-0.36194331047922557,-0.4675411015496098,-1
-0.3587399659613797,-0.9016729921557802,-1
-0.358269508634784,0.029989179320313752,-1
-0.3579889360313344,0.2761178130843005,-1
-0.35712743944066583,0.21631468407465082,-1
-0.3564709200084528,-0.3936242158783543,-1
-0.35591229313264217,-0.3305368269780278,-1
-0.3555749399824033,-0.3220569145996013,-1
-0.35509520734435274,-0.9851302268237032,-1
-0.3542855235210909,-0.3250269074230827,-1
-0.35407252879845164,-0.3204418075944493,-1
-0.3529229787338273,-0.9170914888022788,-1
-0.3528966047833313,-0.43415970692596373,-1
-0.352606438692606,-0.4493305324532346,-1
-0.350751384770438,0.33411093582745366,-1
-0.3489335209869955,-0.8632690514457733,-1
-0.34892846215597517,-0.056174642012974285,-1
-0.3486141702036414,-0.25922411289395564,-1
-0.3471551348293289,-0.9526338557756788,-1
-0.3470260249846775,-0.3045286925247179,-1
-0.34690779898928614,-0.7971000899038354,-1
-0.346890652079511,-0.8787619264679036,-1
-0.34677547508493145,0.32585796644269527,-1
-0.3462198859174923,-0.8369422159522815,-1
-0.34533400748321963,-0.9316333727099773,-1
-0.3427098591478015,0.27661688098747117,-1
-0.3422860970379218,-0.5534703084676686,-1
-0.34154860838300216,-0.6378094079304404,-1
-0.3414457174945209,-0.965464124274845,-1
-0.3396371370671485,-0.680096747405281,-1
-0.3383645656272769,-0.7740526575789555,-1
-0.33073778141744814,0.2512480840272695,-1
-0.32866252362315684,-0.18612460319402047,-1
-0.3268026058150837,-0.08556748438092354,-1
-0.3253670244682194,0.14851424998846818,-1
-0.3238760137238832,-0.4945082070226916,-1
-0.3228744249584654,-0.19597193984628536,-1
-0.3223607311555807,-0.9085564357769091,-1
-0.32199119536328924,0.19279977277205207,-1
-0.31893384277731673,0.06041515103581574,-1
-0.31630498404015084,-0.43900603772081137,-1
-0.3158426400945964,-0.26806231173614226,-1
-0.3153710933782792,-0.6985647556083889,-1
-0.3126453434967651,-0.78860825976885,-1
-0.3099006868856109,0.16458006835435635,-1
-0.30743609272860795,-0.4346322528813946,-1
-0.30645905464046574,-0.5862112115782798,-1
-0.3059744720379274,-0.7638309912411048,-1
-0.30542390011344045,0.16691821622092906,-1
-0.3024566751182043,0.24348385479530643,-1
-0.30202251414051284,-0.32083168800907114,-1
-0.2955258846186548,-0.6801824312286491,-1
-0.2925610260755205,-0.46656317629044874,-1
-0.29104829925326037,-0.4086143076691049,-1
-0.29067530410840847,-0.3986689787315778,-1
-0.2894612591861687,-0.4087731913642281,-1
-0.289284260418206,-0.10893892242087277,-1
-0.28661805946948604,-0.7887188935264731,-1
-0.28568253760180884,-0.6909919934014113,-1
-0.28566841133445253,-0.5979098049974043,-1
-0.28536045077273053,-0.8723068318250427,-1
-0.28211740540882735,-0.9003073951657519,-1
-0.2771756488626047,-0.22044639978269975,-1
-0.2761063284831562,-0.6111191111045189,-1
-0.2732221870705356,-0.759988889829784,-1
-0.27299137045690314,0.14847287926792374,-1
-0.27206086280247144,-0.9616613741357822,-1
-0.26980639160748243,-0.32250737164203347,-1
-0.26965099059486697,-0.5675866197482353,-1
-0.2685438884565712,-0.7957644587068171,-1
-0.2636736151851342,-0.340904717814162,-1
-0.26186374114355315,0.057237364231006005,-1
-0.2614727283035587,-0.03906359422002392,-1
-0.25997417860487815,-0.8911654439291077,-1
-0.2594458250686178,-0.5269001213791045,-1
-0.25857345923274666,-0.6691362394735032,-1
-0.25730926776788055,-0.41750263348700845,-1
-0.2567761713349985,-0.17388000475322674,-1
-0.25620229290317686,-0.6648737848777091,-1
-0.255676975715168,0.05069641271024006,-1
-0.25496546951128796,-0.28101437049599554,-1
-0.25156441163856424,-0.9892743286321113,-1
-0.24816691784176026,-0.645278060860293,-1
-0.24498537828228972,-0.544450099415577,-1
-0.24408020830707722,-0.6250196097489682,-1
-0.24374383303401848,-0.7526602249952727,-1
-0.2388984440159918,-0.44739430066261576,-1
-0.23858162210584588,-0.8365144923818266,-1
-0.2382347493678898,-0.6230802634953538,-1
-0.23784769198408195,0.11975689998027184,-1
-0.23590433254675203,-0.7677409087659788,-1
-0.235616874599613,-0.7628587230952153,-1
-0.23497262049905654,0.17703251066426962,-1
-0.2348232448679437,-0.13438652770469695,-1
-0.23008789280456732,-0.7820380273185283,-1
-0.22723423042770685,-0.8233570045681518,-1
-0.2256640094784288,0.001849341684153849,-1
-0.22552619279121489,0.21237404800391113,-1
-0.22244810506463653,0.01035734753103057,-1
-0.21621184755629974,-0.36994709539063386,-1
-0.21537157205644464,-0.5291417350571086,-1
-0.21168224550160675,-0.8532051562474896,-1
-0.21082274659605105,-0.5253518957603491,-1
-0.20702868966702548,-0.2643165077895371,-1
-0.20662368126522868,-0.23865048137057565,-1
-0.20593305531025452,-0.4132734763474426,-1
-0.2039191742369617,0.027450403628174858,-1
-0.20239424365941794,-0.8558174025282694,-1
-0.2021410261563279,-0.15685703628904513,-1
-0.20113320837418014,-0.6272183165522951,-1
-0.2004222946855334,-0.44981534472969065,-1
-0.19498803387253316,-0.901773868347449,-1
-0.19309643686941325,-0.18168203341372813,-1
-0.19159053063834453,-0.18207433255637007,-1
-0.19109553359479037,0.1459059346877849,-1
-0.19036097136422514,-0.9635861568261319,-1
-0.18757555093476386,0.10880635411970063,-1
-0.18595213239726816,-0.5424328407267867,-1
-0.18566182893583827,0.08861851674670573,-1
-0.18468366324928231,-0.8052153687887103,-1
-0.18339415192487785,0.10274473246716154,-1
-0.18252971464217627,0.08175382447550694,-1
-0.18156949491040475,0.04959964017167051,-1
-0.17684998178845923,-0.27399321392772835,-1
-0.17563475133550055,-0.6422193738988224,-1
-0.17364727204143504,-0.6056435335965076,-1
-0.17253207104901458,0.03547963663287845,-1
-0.17129598477105734,-0.9731081745423165,-1
-0.16903748185806577,0.12218168244630334,-1
-0.16683367023770046,-0.12742888066620095,-1
-0.1653057931080566,0.12358819866184367,-1
-0.16200304709687297,-0.9144773887654707,-1
-0.15777980599220953,-0.19984562466252864,-1
-0.15593421806534824,-0.9478703278736078,-1
-0.1528619698157354,-0.8793261435618498,-1
-0.15054342850517122,-0.7562636009001156,-1
-0.1503583288133168,-0.5209466917137164,-1
-0.14448647585645435,-0.199987974474932,-1
-0.14391765403836532,-0.9947531902389413,-1
-0.1437292131053347,-0.32989593306927656,-1
-0.14147646449168727,-0.3027312722112008,-1
-0.14073763527623262,-0.9599822734352341,-1
-0.1394697524419617,-0.5430703701639388,-1
-0.1390837666519471,-0.4642376064591711,-1
-0.1385347990996304,-0.8673659089812413,-1
-0.1358289093598648,-0.024909318280487813,-1
-0.13564602250713076,-0.07208893567804697,-1
-0.1347632453808396,-0.8740110821523315,-1
-0.13453287077491538,0.09138108705116599,-1
-0.13425788432024843,-0.9903727600134711,-1
-0.13020560654755098,-0.9978850064799922,-1
-0.12965581239136625,-0.6824215224663366,-1
-0.12448257673324736,-0.8188396035763779,-1
-0.12127155216372376,-0.5881384209627742,-1
-0.12083055630793949,0.046960694503165534,-1
-0.12043988667987149,-0.7757125403822784,-1
-0.1166455457259703,-0.38980403616405157,-1
-0.11635164438677403,-0.3955054980172914,-1
-0.1148282561206675,-0.3253402320459955,-1
-0.11289787631577086,-0.8076785401330309,-1
-0.1091548636630777,-0.5020045069604073,-1
-0.10603368763294796,-0.7807335948138912,-1
-0.1050296934617636,-0.39600471454183683,-1
-0.10149381561364113,0.022773142974749305,-1
-0.10146541670614306,-0.642517965152174,-1
-0.10121320590460581,-0.8537331097628105,-1
-0.09945885475147298,-0.2266083803916934,-1
-0.09914749526306288,-0.27222082665434266,-1
-0.09697395895503558,-0.6433102861271189,-1
-0.09174127762364925,0.010764703192524205,-1
-0.08641477873314019,-0.7558591286573249,-1
-0.08209666901553225,-0.2717706072803807,-1
-0.07641092959214557,-0.8153996502410195,-1
-0.07189592587232241,0.06439459780822787,-1
-0.06751614596558397,0.04979247736472736,-1
-0.06706218093891225,-0.4905581177385381,-1
-0.06476505644174413,-0.9841420170429438,-1
-0.061183871813494495,-0.04764648452955722,-1
-0.05812729783548942,-0.0012209608127813354,-1
-0.05574004584625891,-0.8347867872150907,-1
-0.05532108912731415,-0.7797377917982673,-1
-0.05328738287398993,-0.4789670791412646,-1
-0.050072929471058014,-0.6327376559757667,-1
-0.04991912979008539,-0.4721324540532872,-1
-0.04871134075865857,-0.5814819200820107,-1
-0.04776000715743134,-0.1589998677295652,-1
-0.04764105871790747,-0.4092454167512285,-1
-0.0428253380522885,-0.6378528181973091,-1
-0.038183080421672067,-0.2844328104276217,-1
-0.03793738940708957,-0.2654057107957546,-1
-0.03280534580921746,-0.006670217148833313,-1
-0.03262144643053366,-0.8937565968363876,-1
-0.03117068374055121,-0.8835469241485381,-1
-0.03005509932415329,-0.8569576248907649,-1
-0.029769954984885327,-0.012937091859428484,-1
-0.02838629183456476,-0.7175272090549174,-1
-0.026304802579028674,-0.7478752827249284,-1
-0.02562456864436191,-0.88087182889659,-1
-0.025478965304613244,-0.3982654296629966,-1
-0.01815686073002487,-0.03828369278319821,-1
-0.017620502324248832,0.00639569790936978,-1
-0.015642083973215648,-0.628230228195124,-1
-0.01496753843452403,-0.0746410558246855,-1
-0.012781295990756725,-0.7209197459947152,-1
-0.011792811467978392,-0.19402884027849243,-1
-0.009918961980016405,-0.9871694135035187,-1
-0.0091855364024509,-0.569237327443096,-1
-0.005294703845105886,-0.6601621403544127,-1
-0.0017322803623418537,-0.3322930295001574,-1
0.0009987798825181748,-0.06315070269175438,-1
0.0011177631854244474,-0.7880827857698693,-1
0.002261403493421188,-0.6314591409197314,-1
0.0027866086842216475,-0.6061810627343625,-1
0.0030748887387836987,-0.07677228764060073,-1
0.004431552716658516,-0.30052862029619076,-1
0.00606266062458749,-0.24405365183615668,-1
0.009419787098415178,-0.35699043077023296,-1
0.012271805902807742,-0.25946728016832266,-1
0.01335385622857288,-0.4504712585607855,-1
0.015147628081892961,-0.18853593925837675,-1
0.01591000112826002,-0.801242735867552,-1
0.01689504016476251,-0.38836064457142605,-1
0.017332502533557115,-0.9641191932554465,-1
0.02250146238152695,-0.933799411729852,-1
0.02336896922511489,-0.22218805793712182,-1
0.023752574437477136,-0.6869095634165481,-1
0.026616246020082723,-0.4795131986801269,-1
0.033150188139422276,-0.7023876220345966,-1
0.035466850380632575,0.02563001463407044,-1
0.03726358066534985,-0.31442348595359393,-1
0.04086239364951272,-0.5171501464292065,-1
0.041313658541675125,-0.9075620408792986,-1
0.04140878363122624,-0.7422636054356091,-1
0.044742361374280115,-0.2308158245997829,-1
0.04656722737443264,-0.5825518152274713,-1
0.047202878939709425,-0.7630530250470611,-1
0.049862237905289764,-0.4993762623990876,-1
0.0517619201513404,-0.48605132708112775,-1
0.051846950950841464,-0.49155982754701677,-1
0.05347315695735411,-0.48145230731562716,-1
0.05445589050909705,-0.46823454455578206,-1
0.05708458752199519,-0.7643599746820664,-1
0.06161550660549242,-0.8170492274306325,-1
0.06205219676382212,-0.010017085283846594,-1
0.06371367454588217,-0.3104567832710381,-1
0.0644070468193112,-0.24349828716836575,-1
0.06525413287318482,-0.16799301756549623,-1
0.06563585494268542,-0.39123495572912237,-1
0.06778491085476235,-0.2778243711128612,-1
0.06945738510027155,-0.21895933533522616,-1
0.07019882011845313,-0.9719887826775961,-1
0.0702417812212448,-0.7239167497118086,-1
0.07190373944872164,-0.14396489145188562,-1
0.07208246764803894,-0.7731214458262339,-1
0.072112407384191,-0.37568454459768663,-1
0.07348211817107497,-0.8388451062689266,-1
0.0793196486433092,-0.857088889462053,-1
0.08027563681962002,-0.5895388577689706,-1
0.08243143943150866,-0.6114058134677678,-1
0.08789593920615113,-0.15575053121918359,-1
0.09096646184311874,-0.5587191014768815,-1
0.09295657885776976,-0.47942670705596724,-1
0.09296410662175125,-0.8173243996555737,-1
0.0930272810668864,-0.936858618120807,-1
0.0937720769178898,0.029965641584934755,-1
0.09408213916842412,-0.7747840691817038,-1
0.09452617142309716,-0.25034529718132736,-1
0.09525619806983077,-0.18276026362970965,-1
0.09599015929911303,-0.8292036406022634,-1
0.09623238530905676,-0.8818819720079913,-1
0.09627703810023691,-0.5107246023676808,-1
0.09634501106568605,-0.8168139124023455,-1
0.0970868183770155,0.044011118531575466,-1
0.09853774550078365,-0.2516984662278805,-1
0.09918975460810753,-0.42844877683001625,-1
0.09933487975257593,-0.969356660059074,-1
0.10203835106856474,-0.7785732449819962,-1
0.10563367966061676,-0.6392268786014488,-1
0.10676063834302685,-0.33022812059080087,-1
0.10720835885177982,-0.25639598860054225,-1
0.10752654800522432,-0.47964474056937334,-1
0.11041077827488976,-0.11428615013827015,-1
0.1123700975244426,-0.7128482886309491,-1
0.1135629977532866,-0.6560893191615813,-1
0.11794037462057227,0.10664096614082652,-1
0.12009671423919466,-0.6043246710632211,-1
0.12077188114528159,-0.6301584411874313,-1
0.12323367508847483,-0.07437370259694642,-1
0.12411658734827524,-0.050365764635310395,-1
0.12482248976307275,-0.6229181125375995,-1
0.12657417841569707,-0.9678291770707768,-1
0.13108242285369043,-0.09856296002973375,-1
0.13130849102613507,-0.12836309718503847,-1
0.13194160240271735,-0.2224401466146424,-1
0.13675275142988008,-0.4939801542434443,-1
0.1370067053807631,-0.20302302397074623,-1
0.137035876960792,-0.8666842482671888,-1
0.13715015008729559,0.05713992244351296,-1
0.13732284936333938,-0.02595020439361173,-1
0.14240967154687034,-0.4387747710372434,-1
0.14311794475584705,0.07724807917469967,-1
0.14378330012301,-0.13242912223011238,-1
0.14686086630446216,-0.8539810208323697,-1
0.14835100955966096,0.027410652901331822,-1
0.14966140939564854,-0.48151095995786974,-1
0.15108430299254438,-0.5686016097679563,-1
0.1516712569443852,-0.40457901313469247,-1
0.161913941843558,-0.12559852043986686,-1
0.16374448602160996,-0.9647005984545083,-1
0.1643487209184995,-0.9825303757854162,-1
0.16954065403925656,-0.08823739819765741,-1
0.16965458863648175,-0.5363550629862592,-1
0.17270283973865963,-0.464923481451601,-1
0.17440082181380712,-0.11457075180002141,-1
0.17491560016776653,-0.036690411295771774,-1
0.17934426299260187,0.17419538199689732,-1
0.1835451174116276,-0.1404364897404351,-1
0.18503753269941425,-0.6437922985056628,-1
0.1869705933980823,0.12467096002194156,-1
0.1869742313131706,-0.8476867415425109,-1
0.1928802259389637,-0.7838291788633933,-1
0.19488680248447388,-0.2982786922972167,-1
0.19583817923759472,-0.6871912687388577,-1
0.19898344353131048,-0.5434954411627659,-1
0.20050481657109476,-0.7954800098750763,-1
0.20067824684846292,-0.3991770825184684,-1
0.20179490349146123,-0.4016206004196343,-1
0.20599629893197813,-0.402691806501831,-1
0.21023810956510403,0.11280694882228115,-1
0.21108701210542336,-0.5888107455436091,-1
0.21117062206065773,-0.12713099115622173,-1
0.214056428806221,-0.8148153046355842,-1
0.21431429885386954,0.07798744069984886,-1
0.21489600804782194,0.2123320357779761,-1
0.2169274755623376,-0.5912341723574537,-1
0.21749900895920904,-0.24416875423400874,-1
0.21959653316954864,-0.9394057159560143,-1
0.22099269330232119,-0.889765830135766,-1
0.2229051613821591,0.05491664237240412,-1
0.22299208254387715,-0.9796925566725134,-1
0.22433243813141157,-0.5314856486486748,-1
0.22559967177171592,-0.8239501668793112,-1
0.23170246412591933,-0.1757626838202233,-1
0.2346318116501216,-0.09026936254993156,-1
0.23489708540580523,-0.1591526683389093,-1
0.23714711052526383,-0.819744970798471,-1
0.23849283186746018,-0.10537827889981255,-1
0.23998248305340697,-0.248912143199159,-1
0.24053790609319314,-0.5399833419939819,-1
0.24184822322939503,-0.874404136857708,-1
0.2432610177159713,-0.46933084308499895,-1
0.24773153462868125,-0.1873841716916087,-1
0.24896142127663712,-0.6802676333136009,-1
0.2502303316905765,-0.2979167195848049,-1
0.2522907536471082,-0.3273775276026787,-1
0.25433985137856885,-0.8130189885116565,-1
0.2546123838275629,-0.6727183548854341,-1
0.25627828404910247,-0.7867513470338765,-1
0.25757991118073065,-0.20009636925695995,-1
0.2640319441030221,-0.6306940348451677,-1
0.26554910503821416,-0.23898516600633624,-1
0.26599155765740434,-0.9373104857094043,-1
0.26739007607072107,0.17817874439251558,-1
0.26772539369797466,-0.10127275130793434,-1
0.2687141841051073,0.2252101496618244,-1
0.27013200653873914,0.11476403112752376,-1
0.2709665643354202,-0.8894122853946334,-1
0.2730422397986789,-0.7876329082268909,-1
0.27509386562636484,0.27098871378325207,-1
0.28030607836432564,-0.5124048468725899,-1
0.2832747050603115,-0.39687724005976843,-1
0.28491549662010573,-0.1059960229646606,-1
0.28669190977416203,-0.7468294800659696,-1
0.29078148131535597,-0.4449323532062879,-1
0.29241973772413443,0.06816307390034071,-1
0.29469214684919587,0.1875038725550664,-1
0.29647190675501855,-0.12050538336508154,-1
0.2966879358770478,0.11828419645283672,-1
0.29732147867346814,-0.10457372726614489,-1
0.2994607091112522,-0.6221293315287029,-1
0.3013243199239515,0.09248582194653787,-1
0.30625934706122315,-0.29346281170040633,-1
0.3089910238842579,-0.23384511227141136,-1
0.3117972996317353,-0.5028354069117369,-1
0.3125900181498875,-0.40014409162484865,-1
0.3153478352529038,0.3008144924500389,-1
0.3165027699937535,-0.6308122929260938,-1
0.31705989995943673,-0.998068943714919,-1
0.31802332697120184,0.11196878666168208,-1
0.31872651449258793,-0.5582139883964712,-1
0.3190987846904023,0.08977532175247616,-1
0.32006410540857644,-0.0901193236069906,-1
0.32705500448974156,-0.022154497362072867,-1
0.329728706083408,-0.489122014357418,-1
0.33004650645974065,-0.8982126805665156,-1
0.33159675811986133,0.006393147280297384,-1
0.3364293545870063,-0.2897679205751196,-1
0.33659791755786106,-0.9376627787771263,-1
0.3389491684221908,-0.5986418443340789,-1
0.33965168768663556,-0.6260455459732919,-1
0.3405614520393905,-0.9309117354687269,-1
0.340936556981585,-0.2693900720280089,-1
0.34128646103561255,-0.29298931001325057,-1
0.34224677922112257,0.10496581613152411,-1
0.3424559946572834,-0.42415736798810144,-1
0.34269204517813145,-0.7556803177532179,-1
0.34279498961190846,0.2629348901477724,-1
0.344788607874555,-0.2533465557590615,-1
0.3466661420642412,-0.44396912507976927,-1
0.3469343821924751,0.042201905184864774,-1
0.3485742300412076,-0.39181307613324234,-1
0.34912495372926466,-0.4791680496761024,-1
0.3495076501899961,0.2282714291269503,-1
0.35194784842868465,-0.7034493976074394,-1
0.3537439996519405,-0.05394067929240842,-1
0.3542167859631804,-0.6414881441098506,-1
0.35632624724985007,-0.1457259602319647,-1
0.3565393160778574,-0.45233391044497484,-1
0.35932679548070556,-0.11587523608779016,-1
0.36062963159983097,-0.6170073101672924,-1
0.36268776668000013,-0.43933695493670166,-1
0.3642945779705471,-0.9092579903549534,-1
0.3658902618997608,0.3608330345452688,-1
0.36640294240871407,0.040880540338602334,-1
0.37257015658633463,0.05192123594317932,-1
0.3757800448527071,0.33132392900438923,-1
0.3758512288090432,-0.45807025472874185,-1
0.37680129296570497,-0.845523869120163,-1
0.37787396290174735,-0.13259537871488325,-1
0.37827141573093614,-0.08593106878631485,-1
0.37998704260820837,-0.5449409698808849,-1
0.38341498680498587,-0.8761119122386671,-1
0.38438442826154473,0.06213802636409538,-1
0.3852180418270468,0.10856725380974863,-1
0.38523783523730293,-0.5658002292129201,-1
0.38849968826476644,0.017050854656475156,-1
0.38907575312967735,-0.4822915079600296,-1
0.389926549126002,-0.8055273103964327,-1
0.39079997074472894,-0.1359482558219547,-1
0.3913140673002866,-0.8680280512892069,-1
0.39244248394164893,0.3778587158109712,-1
0.3933247810325047,0.342563888353022,-1
0.39431002558892425,0.08167910942123191,-1
0.39454835530123455,-0.018415760090873423,-1
0.3950080213899878,-0.3155847955290789,-1
0.39534902292503205,-0.8599265631935462,-1
0.39611381141405033,-0.8016051900588854,-1
0.3975156568022067,-0.5463599231845899,-1
0.3981528943404351,-0.5235367160636284,-1
0.39886379894023705,-0.3007868290821465,-1
0.3991975035682098,-0.804672428150885,-1
0.4005350042305933,-0.6206985462873251,-1
0.4056757207441435,0.028633378482637806,-1
0.4074095049763793,-0.028464956231493144,-1
0.4074775208449455,-0.29466735685972,-1
0.40835374960405035,-0.22410449279390443,-1
0.4098726814477933,-0.6756887998324728,-1
0.4146779396665239,0.25315620206713296,-1
0.4165825631119824,0.14899874689292236,-1
0.4167727447909768,0.11724964248336534,-1
0.4187123722623656,-0.01924127537285658,-1
0.41879269833393895,-0.9859911067780072,-1
0.4191492180747245,-0.6715272979311164,-1
0.4201538304004493,-0.5087682934922033,-1
0.42416287380084006,0.28263279418774356,-1
0.4250899855617343,-0.5061876681406647,-1
0.42609123322870524,-0.7344652626803287,-1
0.426189786921495,0.22128995243995453,-1
0.429408279060278,-0.31615708447249125,-1
0.4299817000720765,-0.8263524210739681,-1
0.43074817513884156,-0.07938798047075712,-1
0.4312975665466148,0.30490932689187655,-1
0.4316152642258144,-0.47880449864581376,-1
0.43213934408417165,-0.17662837937922404,-1
0.43251870760694544,-0.09780261736153228,-1
0.4335334948426115,0.14046375542432799,-1
0.43680549260291146,0.08894206037358199,-1
0.4381193063357989,0.28135905326368515,-1
0.4390373889089849,-0.4099526908292508,-1
0.4406207504922208,0.22499055468148832,-1
0.44080805687183044,-0.9711544021776572,-1
0.44085567351016053,-0.3513930444804112,-1
0.4466515027947482,0.22003788028588378,-1
0.4471070685337666,-0.7597089097784075,-1
0.44750857821071,-0.13595297620266455,-1
0.45133766382725904,0.25269988653521436,-1
0.4515150157408865,-0.7459618172046487,-1
0.4576222481466794,-0.6962963018802291,-1
0.45828587916792873,0.41327219422942285,-1
0.4595583210359657,-0.6948337980696793,-1
0.4610019850689939,-0.8183483779696337,-1
0.46135475692830763,-0.5004068961688577,-1
0.4621934328775721,0.35735928944701234,-1
0.4638099882142561,0.42630706910837013,-1
0.4685957600065751,-0.07211222614173085,-1
0.4699410330316822,-0.14025005917323252,-1
0.470258983694575,0.15723646328353835,-1
0.4717089180636531,0.16432416766744584,-1
0.47363740584068337,-0.08929203038700795,-1
0.4740242790075846,-0.923881743650214,-1
0.47451588661071087,-0.919654700505371,-1
0.4746574645910475,0.22112856542906378,-1
0.47694868748975505,0.34294517238147515,-1
0.4772211414083656,-0.13426542267968156,-1
0.47936336258640955,-0.9401204880640268,-1
0.4802068652496456,0.3214749640797905,-1
0.4804698444387676,-0.11144228378575116,-1
0.48261769312655023,-0.5575146266211437,-1
0.48546280964848476,-0.14637098210704425,-1
0.48555831658591186,-0.9919234359941611,-1
0.4876954383214196,-0.8516796857133708,-1
0.4882904149708325,-0.8609113866964089,-1
0.4903719680890557,-0.2855531450357378,-1
0.49151028683075415,0.20181259054829992,-1
0.49332216821436825,-0.07711149532768102,-1
0.4964804291752136,-0.5780895871623146,-1
0.4966020932764872,-0.6652525190825025,-1
0.4970384226242608,0.37729597162382467,-1
0.49718315003792046,-0.14541433200115028,-1
0.49989653469109996,-0.8892910897123651,-1
0.5004051596397883,-0.6586319578201483,-1
0.5017606385590487,0.3126264037751416,-1
0.5024252957001476,0.4422315957090608,-1
0.5053693636928434,-0.4540049913387243,-1
0.5078693876604952,-0.00798532956020992,-1
0.5099966645497158,0.1639719903257415,-1
0.5117876885847328,-0.28100579521222846,-1
0.5120355111331314,0.3021144223534864,-1
0.5121067155284003,-0.47434903469569356,-1
0.5123574832561983,0.37846085011599717,-1
0.512508621398633,0.30284765420940607,-1
0.5144665504505488,-0.6224018763350627,-1
0.51728634497481,-0.11944913358801523,-1
0.520349917624928,0.4688901113609827,-1
0.5203630394089993,0.19237001865435222,-1
0.520554686822325,0.3514449500270036,-1
0.5212242706752055,-0.29943861733186505,-1
0.5221281694342155,-0.03651960262393006,-1
0.5221912684863286,-0.017366990293889106,-1
0.5242745416028205,-0.5807288405316382,-1
0.5265821271503994,-0.7051421724591904,-1
0.5266642218858526,-0.6719442890578398,-1
0.52736454013673,-0.08033907352820258,-1
0.527368283209646,0.2781534936190262,-1
0.528480560691905,0.1537168565813336,-1
0.5297808901899361,0.460420545171905,-1
0.5300356124263428,-0.25733338930983374,-1
0.5303694984297014,-0.4906482010569282,-1
0.5340281022778948,0.3260752332348833,-1
0.534516619192575,-0.34098810400219826,-1
0.5346638079163917,0.08268959584326607,-1
0.5353584421475905,-0.9875504464082914,-1
0.5364182994919786,-0.7470106602650297,-1
0.5435154330595089,-0.6710588040287049,-1
0.5435268879362152,-0.11401235643384311,-1
0.5443027510777232,-0.8051168144747107,-1
0.5482362846391862,-0.044362491891543065,-1
0.5503895838433213,0.5352641955668811,-1
0.556379203419251,-0.14800187314700697,-1
0.5610776429065649,-0.17419468756753576,-1
0.5618021776661486,-0.7675174704641265,-1
0.5622356634950085,-0.30660637500344556,-1
0.5625791251938574,0.4935994873616907,-1
0.563721648463122,-0.31864533102703474,-1
0.5652298597487668,-0.6880015140036377,-1
0.565939590308929,0.5616558098736859,-1
0.5664046693383447,-0.05729611043590799,-1
0.5668350512751177,-0.6808229998594091,-1
0.5671662812485665,0.27692700377052715,-1
0.5682110254679684,0.062439769392838684,-1
0.5706122310618791,-0.5704111247758261,-1
0.5714745739222344,-0.8321049294677714,-1
0.5749837266039148,-0.2392992737652535,-1
0.5754581096921543,0.18292633264987268,-1
0.5764601049551148,0.2604789130219052,-1
0.5779290493777838,-0.9683904069784735,-1
0.5793800787733185,0.40442701691630134,-1
0.581140390843665,-0.5576301757651199,-1
0.5822463331101044,0.49215981210015913,-1
0.5847217314609559,-0.653447616697568,-1
0.5848100183119325,-0.964010000836359,-1
0.5850853899679942,-0.053978555925085825,-1
0.5866473492198097,-0.7408756381724491,-1
0.5872821989687331,0.4272273787433867,-1
0.5886147735531244,0.3097867560907237,-1
0.590035455176503,0.12960653200027528,-1
0.5914684151529088,-0.10380293085453207,-1
0.5919572518154155,-0.9830846393983435,-1
0.5920581046871938,-0.47691500773683115,-1
0.5938511233018002,-0.08585597154282176,-1
0.5941700323297101,-0.5873373515470792,-1
0.5942103594161599,-0.20252826883751363,-1
0.5947023248929351,-0.38226943087626397,-1
0.5965653959619672,0.23643621077802912,-1
0.5965702442990422,0.35661496398119885,-1
0.5966878459960436,0.5886526915594796,-1
0.5971099650564149,0.38439948899659093,-1
0.5985241283988629,0.41686145573145916,-1
0.601942414997227,-0.7571677705419662,-1
0.6021356727221341,-0.6206069115530721,-1
0.6022311124076327,-0.21332576433108086,-1
0.6034185727337653,0.06369963973729131,-1
0.6056553495321784,0.251522121014752,-1
0.6066247610279536,-0.15217901440937442,-1
0.610271251789948,-0.9895968148867293,-1
0.6130971576912323,-0.27672645687623776,-1
0.6147975149938554,0.1421652794420405,-1
0.6173517204186973,-0.025506275959291003,-1
0.621098146622515,-0.13575453868880372,-1
0.6229573822528724,-0.5087428891496155,-1
0.6274287789251489,-0.7555986795540282,-1
0.6275783633918994,-0.7116791484536997,-1
0.6319608290955672,0.3667475947877934,-1
0.632592259098244,-0.6765692229167142,-1
0.6326099905676741,0.4203124400255893,-1
0.6330984542571607,-0.05568255568552338,-1
0.6337790584508447,-0.6858648312220472,-1
0.6343572135233875,-0.379220149723277,-1
0.6350142196683017,0.4633293059194403,-1
0.6360686158112134,-0.3463586819846167,-1
0.6376281681496616,-0.9985078599719008,-1
0.6378570422907295,-0.5349538533751375,-1
0.6383370807360129,-0.16728237504465948,-1
0.638490517668262,-0.015078856761193471,-1
0.640170812774659,-0.6772022981957626,-1
0.6416728338036122,-0.24125945871115118,-1
0.6444826249749522,0.6212478636071688,-1
0.6472312660108379,-0.7702316272106837,-1
0.6483569346116123,-0.4596659126121212,-1
0.6517524059501874,-0.798512547961232,-1
0.6538514444328092,0.34615044922260196,-1
0.6571083020900512,-0.013992636487071941,-1
0.6580225594891136,0.4776202203103712,-1
0.6616317155911746,-0.22165148323416117,-1
0.6639518611848723,-0.28262826579000677,-1
0.6660610781433522,-0.629902345477845,-1
0.6683328205382555,0.6463883801256674,-1
0.6701620704345577,0.2669279432787768,-1
0.6714026068624492,-0.7423531144538673,-1
0.6726858218771516,-0.696639897307346,-1
0.6729827963925366,0.13808893039002967,-1
0.6734358842948467,-0.9991934799539335,-1
0.6742122941388353,-0.7461182552194234,-1
0.6749642351140115,-0.9105504665860091,-1
0.6751179542583272,0.6493243199619947,-1
0.6759018321127295,-0.14239502804294224,-1
0.6761420611715678,0.6690728261383652,-1
0.6766132513372063,-0.44168919471502655,-1
0.6771887292386798,0.004910299208302327,-1
0.6772030981011201,0.599061495005202,-1
0.6776404273704939,-0.21816777139527588,-1
0.679169016482585,-0.5276963022866568,-1
0.679953512296025,-0.07054613719665381,-1
0.6837283465375603,0.12178118197768173,-1
0.6850113521509269,-0.20121556240981953,-1
0.6855441270666347,-0.34365179675468127,-1
0.6862764159655668,-0.9370065086670132,-1
0.6874283589440449,0.414836616545184,-1
0.6875014637349373,-0.5064236157080351,-1
0.6891316462799266,-0.865636151390047,-1
0.6900625401987788,-0.8037070049563657,-1
0.6903736211551461,-0.2697117632479489,-1
0.6905350873567015,0.3040789022063244,-1
0.6907014902663655,-0.24482447701413923,-1
0.6929412330103166,0.09004538950221841,-1
0.6949318115292109,0.3915958837743734,-1
0.6954372910314737,0.1127946092247809,-1
0.6962815830039837,0.03826413285760166,-1
0.6992861287183891,0.12759844028916856,-1
0.7000160123045709,-0.4872369405868331,-1
0.7000549996292205,0.44448247828037113,-1
0.7034145239796348,-0.40373329082109155,-1
0.704743867803368,0.15750522860286198,-1
0.7072101629378351,0.5399291477886239,-1
0.7103184626564887,0.4213822798799125,-1
0.711029146948218,0.49556995937625103,-1
0.7118835722067498,-0.5594122518522018,-1
0.7136984667901531,0.31455428775894667,-1
0.7146186626438786,-0.006924962517266486,-1
0.7158934131724757,0.4956608286544104,-1
0.7169184274389395,0.5043409027635257,-1
0.7169915718938369,0.13612492376475238,-1
0.7173940230134712,0.3443814396524876,-1
0.7176834973285691,0.22983132611288548,-1
0.7187331744278476,-0.4277771332117517,-1
0.7205343213199025,-0.3903943560225964,-1
0.7214664906878006,-0.7724569824091976,-1
0.7231403971576822,0.05628067922633617,-1
0.7233828742237249,-0.5930506118366363,-1
0.7236392867465486,0.5875318636970026,-1
0.7237205676089817,0.005842365426381502,-1
0.7272023770936364,0.39293671768523586,-1
0.7273680418990724,-0.3763975997964515,-1
0.7287661366448512,-0.9286850194881846,-1
0.7291666990881276,-0.626594787966229,-1
0.7296029395799981,-0.7785018997532456,-1
0.7328375407083727,0.6442036119832459,-1
0.7329664582989577,-0.9087730633914446,-1
0.7334383628700794,0.024419304297553346,-1
0.7343218869582389,0.3354624758730842,-1
0.7347322438528998,0.47407256163496836,-1
0.7347567242417736,0.6585999630448827,-1
0.7355301931901179,0.0552379271400123,-1
0.7371685604451765,0.5448082050865715,-1
0.737394686121696,-0.7497097244943682,-1
0.7392713573234566,-0.6381731775537327,-1
0.7414199753436175,-0.7929500936129181,-1
0.7415887583886853,-0.14692073592390287,-1
0.742400318286784,0.34606607670769796,-1
0.742861762386755,-0.20849788042736694,-1
0.7437359493616063,-0.4817898547649504,-1
0.7454111513707429,-0.04647419958901411,-1
0.7460269353088491,-0.23263767918319678,-1
0.7480346668328206,0.21636496376437853,-1
0.7508192655509447,0.48962037337922926,-1
0.7519837165436889,-0.38579429670457177,-1
0.752279183282226,0.19325130738984875,-1
0.7533463234933544,0.5315364927744337,-1
0.7539108378154311,0.49321123101457687,-1
0.7547593807265427,-0.7353811399123114,-1
0.7555604837248464,-0.7015171194064727,-1
0.756651872853046,-0.7181890071095478,-1
0.7603945293806604,-0.9960762460440238,-1
0.760601661810766,0.35467460364998127,-1
0.7622707426352768,-0.946049809140014,-1
0.7624174353720874,-0.32631212491693695,-1
0.7624652158437502,0.12171187222460578,-1
0.7626146814512182,-0.9327919850452742,-1
0.7639171506469555,-0.39850853477737846,-1
0.7644454429915166,0.2941912079108038,-1
0.7674573224347019,-0.8074204716946545,-1
0.7713900264492537,0.022212913126486544,-1
0.7722433090896015,-0.48975044641010657,-1
0.7733097394686501,-0.403981618132665,-1
0.7741688631970689,0.22974430985328498,-1
0.7759787414859232,-0.5575142227429701,-1
0.7768392949129406,0.5004070566999759,-1
0.7774625462391356,0.06963227951321826,-1
0.7795816726829292,-0.28440358914982466,-1
0.7809767299201988,0.6995958070295449,-1
0.7809768466497289,-0.3908107709717399,-1
0.7812963221004332,0.26088643020671265,-1
0.7816511305231648,-0.36700940842304863,-1
0.783566633703995,0.2335520400474147,-1
0.7837053563332348,-0.29764493012991844,-1
0.7839355412665792,0.34887863886025494,-1
0.7884299371439671,0.5610941975076096,-1
0.7886713402150964,0.015242820687238368,-1
0.7925010542814448,-0.5471829217602062,-1
0.7937354468589191,0.610167315689246,-1
0.7950506935228949,0.08887353683806909,-1
0.7955609271866066,-0.6702838000566596,-1
0.7972426265669634,0.3863366312983847,-1
0.7990124946091135,0.5384107536058411,-1
0.7991745012426659,0.3906124044455628,-1
0.8013698754334024,-0.5953828943586803,-1
0.8022558165801339,-0.18657770877244895,-1
0.8026555945979617,0.39018008709283825,-1
0.8061283540205215,0.2729796151839796,-1
0.807056161854729,-0.92216760431698,-1
0.8076415712040554,-0.969207512864831,-1
0.8084093017868716,0.021657621141670802,-1
0.8085579912027945,-0.5419542624271783,-1
0.8089373050131585,0.5610179486791025,-1
0.8114318424885205,0.492175891069925,-1
0.8120770710488228,0.6742552510279296,-1
0.8133296359223463,0.008463223914424667,-1
0.8137525579644875,0.1623941745621531,-1
0.8158473165339495,-0.8688081528016336,-1
0.816906230684193,0.31000441632076825,-1
0.8187326703497217,0.14406745256268083,-1
0.8217926129258504,0.4561281155707877,-1
0.8235919696366727,0.529436322845334,-1
0.8242039173868951,0.6325174577554962,-1
0.824741845868179,0.6540574392590459,-1
0.8270348017456826,-0.9629921913985702,-1
0.8288090156077121,-0.16726757990200003,-1
0.828818386852447,-0.06452076373934279,-1
0.8298323934237688,-0.7202776260385075,-1
0.8313839556255633,0.5029028933530166,-1
0.8319637707009266,0.11036343616329214,-1
0.8320780802737051,0.483069791859263,-1
0.833094011034937,0.6559984904544804,-1
0.8333058013257131,-0.3047922188088097,-1
0.8357687502601823,0.5648667386361708,-1
0.8359498454848393,0.5990777434271841,-1
0.8363269020950312,0.09245405498751769,-1
0.8369394366767615,0.3220321193130897,-1
0.8399236281133851,-0.6873197024080562,-1
0.8407868759500872,0.28097485518726995,-1
0.8411681912831619,-0.17704426434498322,-1
0.8434445366976089,0.11850405998150348,-1
0.843563563932257,0.5580598638459167,-1
0.845891230377191,-0.9597149358049188,-1
0.8461427541104345,-0.9291618993123367,-1
0.8469814052970301,0.025352566992491,-1
0.8472985579890753,-0.8469144676894853,-1
0.8475733647235137,0.5723752759006775,-1
0.8487003483917825,0.17588550181875906,-1
0.850094934606969,-0.46985477239971907,-1
0.8505258659048809,-0.44034196479551424,-1
0.8511280975679485,-0.14361430222248295,-1
0.8517628408930968,-0.20710358214088442,-1
0.8530880152062874,-0.7698633297980995,-1
0.8539898435177755,-0.5588256341284508,-1
0.8544895399579326,0.7434201051166034,-1
0.8558801053387124,-0.6071792984212814,-1
0.8572091469540006,-0.5812122211641402,-1
0.8596798569400792,0.5645990174072204,-1
0.8601408534250528,0.5086848845460183,-1
0.8604139322434925,-0.5258875635970566,-1
0.8615954875130463,0.8179026747649862,-1
0.8617868453322459,0.23579137970624808,-1
0.8628957584219918,-0.27513571701947237,-1
0.8637269545609234,-0.18312097049658105,-1
0.8650388005138745,-0.8137483581532545,-1
0.8651652837809083,0.7530671718540884,-1
0.8652188913949597,-0.22957976280635917,-1
0.866155198642629,0.18621578055103072,-1
0.8676990974779608,-0.03323282063985733,-1
0.8680628799811223,-0.27083156447902157,-1
0.8731436072442937,-0.9462465527340518,-1
0.8746164980740136,-0.9238402091109394,-1
0.8770652276178845,-0.9039515024696074,-1
0.8772388118015524,0.06787041848862296,-1
0.8800746538809894,-0.21671252226148052,-1
0.8807934147485175,0.023835680641643542,-1
0.8826160368002962,-0.34156870011952156,-1
0.8831820758377331,-0.005306501624591675,-1
0.8837117252814415,0.07592477247710683,-1
0.8838710163425199,-0.5006150645788372,-1
0.8839748150784428,-0.5342929148781179,-1
0.8841178149887434,-0.8429709664784228,-1
0.8853837834715286,0.4558294976050896,-1
0.8891217668808107,0.32220874333325833,-1
0.8911020162916703,0.6936743591678303,-1
0.8918018255310503,-0.6606074958877017,-1
0.8927219218742253,0.7905878574648106,-1
0.8940052542532184,-0.7957279411539462,-1
0.8947970190923522,0.25516913030947297,-1
0.8949909163512779,0.46713137315812014,-1
0.896299756975032,0.5333258759809931,-1
0.8963205228929114,0.43422988903865756,-1
0.8975690663599889,-0.979154489706993,-1
0.8987001336669782,-0.5778930183488149,-1
0.8990460652469845,0.4309319018638704,-1
0.9002955088177371,-0.41217086441837303,-1
0.9029048532660924,-0.025480404620086716,-1
0.9052659887100822,-0.0932597137494553,-1
0.9060296605855771,-0.2545809356125126,-1
0.9061611167255705,-0.2004141734292304,-1
0.911182631086124,-0.04308653961396791,-1
0.9115580779164332,0.2606273179771663,-1
0.9117282833238081,0.388577190887073,-1
0.9121364619721031,0.7446483924158529,-1
0.9131327551043986,0.7050919519712266,-1
0.9166682923954457,-0.735596349253687,-1
0.9168350102961682,-0.27659910234087537,-1
0.916867738950264,-0.7701043856496845,-1
0.9190395410947847,-0.6699571342118569,-1
0.9207400452267729,-0.02273097023961057,-1
0.9209767327314884,-0.1061353954527573,-1
0.9210797003499276,-0.3325749596196075,-1
0.9223144390342224,-0.8981772510732973,-1
0.9237126481511564,-0.8667257031885542,-1
0.9240483937402799,0.4022263045957968,-1
0.9246991630977193,0.2516011039906574,-1
0.9263034996268562,-0.8396964111202623,-1
0.9265532288731713,0.4260627632379803,-1
0.9274928228883139,-0.907778860240811,-1
0.9279183461397529,-0.5489367434543428,-1
0.9282469461714999,-0.04071909222177439,-1
0.9288111735892364,-0.9361662240220321,-1
0.9295727431046754,-0.42638102383620247,-1
0.9299737147081926,0.8442469306048275,-1
0.93254824229275,-0.0538439510019777,-1
0.9327305206561305,-0.2407403336207552,-1
0.932804622794976,0.7787706368054415,-1
0.9328093809645046,-0.3043640197618447,-1
0.9330151321947615,0.08864665403309413,-1
0.9357754526438269,0.41194891896536046,-1
0.9363559048499335,-0.04143353173629771,-1
0.93645015348869,0.8146833530248379,-1
0.9370572633281458,-0.6326008682432827,-1
0.9371250686679464,-0.5335961526191899,-1
0.9422620483456803,0.171676175241112,-1
0.9427135438054832,0.7540447730894639,-1
0.9429406665699274,0.409431450197562,-1
0.9434200651479943,-0.008599872184797075,-1
0.9441750256390042,-0.058628634140351465,-1
0.9453727641867831,0.651834415313679,-1
0.9459198132504025,0.4798982472451976,-1
0.9466753352075665,0.09974696765492874,-1
0.9476609145399375,-0.439375746550676,-1
0.94862411475059,0.19119629526577553,-1
0.9495513396022672,0.5924554849625254,-1
0.950123524982911,-0.028305302511826724,-1
0.951617404962303,0.2021519622666048,-1
0.952365618557669,0.27919221270309347,-1
0.9548087089354489,0.024960451993470745,-1
0.9558503878162252,0.17596936459599855,-1
0.9569894512123294,-0.133772287556305,-1
0.9571250056310117,0.632937185705555,-1
0.9620540513290741,0.750548350458649,-1
0.9636133280652439,-0.16319414079684869,-1
0.9640117852697565,0.15826662306389272,-1
0.9647853449976638,-0.01184759503758226,-1
0.9680652254179316,-0.6205750837017652,-1
0.9694341217532654,-0.9642530815370565,-1
0.970939704297709,-0.5277489334126648,-1
0.9712167260692794,0.05175413433921516,-1
0.9722373981843457,-0.8594970586480621,-1
0.9725015288533059,-0.11907359565197373,-1
0.9742466162216843,-0.29470839419093586,-1
0.9750011985657956,0.9433848338005903,-1
0.9754926344906312,-0.5255681225050362,-1
0.9758426195436019,-0.24180507543022012,-1
0.9774204618911071,-0.9652649276800904,-1
0.9806037178263951,0.7994060983878715,-1
0.9836956410554016,-0.17101720853139346,-1
0.9847056422244056,-0.524512325074741,-1
0.9848030629860602,0.7895372319585832,-1
0.9868923772602982,0.3207143800787109,-1
0.9868942752314691,-0.5772448426888048,-1
0.9886410882113159,0.35974384330742604,-1
0.9887244336994634,0.4755691568481568,-1
0.9897155693209525,-0.8676341568583847,-1
0.989908423730741,0.5553540411688052,-1
0.9900759023796875,0.5789620310552577,-1
0.9906787530618497,0.9123566826239857,-1
0.9925312843845955,-0.5697487705846411,-1
0.9944949009694577,-0.9751683572476675,-1
0.9953211865116414,0.22551602500363277,-1
0.9963390684745956,0.6191569573574935,-1
0.9964420848682916,0.08901279473667145,-1
0.9965851337474967,-0.4943038928667991,-1
0.9970108397470918,0.41024560558111656,-1
0.9975740863470821,-0.33693013719796383,-1
0.9988241165564258,-0.09849990001090658,-1
